url_path,views_total,views_unique
/ErnakovichLab/PicarroLicorLoopCode/tree/main,3,1
/ErnakovichLab/PicarroLicorLoopCode,2,1
/ErnakovichLab/PicarroLicorLoopCode/tree/github-repo-stats,2,1
/ErnakovichLab/PicarroLicorLoopCode/tree/github-repo-stats/ErnakovichLab/PicarroLicorLoopCode,2,1
/ErnakovichLab/PicarroLicorLoopCode/blob/github-repo-stats/ErnakovichLab/PicarroLicorLoopCode/latest-report/report.pdf,1,1
/ErnakovichLab/PicarroLicorLoopCode/blob/main/.github/workflows/github-repo-stats.yml,1,1
/ErnakovichLab/PicarroLicorLoopCode/blob/main/Veff_calculations/licor_veff_calcs.R,1,1
/ErnakovichLab/PicarroLicorLoopCode/blob/main/misc/imgs/Picarro_loop_cropped.jpg,1,1
/ErnakovichLab/PicarroLicorLoopCode/pulse,1,1
/ErnakovichLab/PicarroLicorLoopCode/tree/github-repo-stats/ErnakovichLab/PicarroLicorLoopCode/latest-report,1,1
